doc_id,sent_idx,aspect,aspect_category,sentence_text,label,prob_pos,prob_neg,prob_neu,gold_label,disagree_reason,notes
t3_1t114cl,1,tip,monetization,"Any tips, examples, or anything else that might help you narrate action (fight) scenes smoothly?",positive,0.6837784,0.023506196,0.2927154,,,
t3_1rup89l,1,description,platform_feature,"I would like ot know if there are any secrets to gain more views - like some hashtags that can guarantee more views, or if I should focus more on a good description or updating regularly, and so on.",positive,0.9747089,0.0065433304,0.018747823,,,
t3_1nw6ax7,5,honest feedback,community,Honest feedback is welcome too since I’m building this chapter by chapter.,positive,0.9190217,0.028117254,0.05286101,,,
t3_1skjjiq,0,tag,platform_feature,Getting excited over my story being first in an arbitrary tag because why not!!! 🍾🎉,positive,0.7371579,0.028262855,0.23457931,,,24% neg — tag system limitations
t3_1t4uf0k,10,advice,community,Idk any advice would be super helpful!,positive,0.9618555,0.019943997,0.018200489,,,
t3_1shay2q,2,comment,platform_feature,He got super excited when he got two comments and likes fairly quickly.,positive,0.6978715,0.006402911,0.29572555,,,19% neg + n=299 — comment toxicity / spam / dead-comment-section
t3_1p2t0tu,3,writer,community,"If you’re only here for “nice chapter” this isn’t the thread for you 😭 I want to hopefully make writer friends where we continue to engage in each others work 😊 I will read your blurb before your story, if I feel like it isn’t something I’ll like, I’ll be upfront with you!",positive,0.6695664,0.10630544,0.22412819,,,
t3_1shjq5b,3,reader,community,"Can someone please recommend me a good male reader fic, please?",positive,0.6101673,0.022999074,0.36683357,,,
t3_1tch939,1,feedback,community,I’m writing a dark teen drama / elite academy mystery on Wattpad and I’d love brutally honest feedback before publishing.,positive,0.66334987,0.2982758,0.038374305,,,
t3_1kmdosq,14,audience,discovery,"Many creators are not aware that even in the age of social media, there are still many big, active traditional forums, which can give quite good audience... And I know them.",positive,0.99520457,0.0027689121,0.0020265125,,,
t3_1t6fkfn,1,cover,platform_feature,"Hi, I'm curious to know if you choose your tags so that they cover as many of the story's themes as possible, or... well, how do you actually do it?",positive,0.93284285,0.008611569,0.058545638,,,12% neg but cover scams + cover-tool gaps both live here
t3_1p1hzxt,8,support,community,"And if you are open to a longer exchange, even better — I’d genuinely love to support someone consistently.",positive,0.96141803,0.004450321,0.034131583,,,
t3_1scb0s4,11,email,platform_feature,"Email and notifications Fewer emails, improving how notifications show up across the app and a rethink of what belongs in notifications now that the Social Feed is here.",positive,0.737302,0.10880005,0.15389791,,,
t3_1s678k3,1,fic,community,Look for fic I really want to read some fic about lost little brother or twin get lost from their mafia family without the lost brother being over wealthy or powerful a want a normal teenager boy or twin please can you help me,positive,0.91234666,0.0063038724,0.0813494,,,
t3_1nzbl00,7,support,community,"If your story is from another genre, I’ll still support by voting through all chapters (or at least 10) to help with visibility, but my detailed feedback will go to the genres I genuinely enjoy.",positive,0.8878948,0.009231843,0.10287333,,,
t3_1ow2zhl,3,language,platform_feature,"I am an indian author, so I used English as the main language, and dialogues are a mix of Hindi and English (though wherever I used Hindi, I gave translations along with it.)",neutral,0.11615886,0.021675773,0.8621653,,,
t3_1tdxz2k,2,vote,platform_feature,"✨ This weekend I’m running a 10 for 10: I’ll read 10 chapters of your BL story, vote, and leave comments.",neutral,0.018863918,0.0036439921,0.97749203,,,25% neg — vote-trading frustration
t3_1k2bydv,4,comment,platform_feature,"All I ask for in return is that you vote on the chapters of my book, I will leave the link in the comments.",neutral,0.019192003,0.020810347,0.9599976,,,19% neg + n=299 — comment toxicity / spam / dead-comment-section
t3_1ow2zhl,3,author,community,"I am an indian author, so I used English as the main language, and dialogues are a mix of Hindi and English (though wherever I used Hindi, I gave translations along with it.)",neutral,0.025028989,0.0072059617,0.9677651,,,
t3_1t64x3s,14,link,platform_feature,"If you’re interested, send me a link via DM.",neutral,0.0027103603,0.00345576,0.9938339,,,
t3_1tdxq4w,2,profile,platform_feature,"I created a Wattpad account, and it says that to edit my profile I have to check my email because they sent me an email.",neutral,0.0029457998,0.27568018,0.7213739,,,
t3_1t5s3hv,39,audience,discovery,"The book’s genre/subgenre, tropes, character identities, location, audience, era, and topics and themes related to the book are always good categories to choose from. —",neutral,0.002850265,0.0013437268,0.9958061,,,
t3_1sml0b2,3,blurb,platform_feature,"Blurb: When Elle Claude, a thief from the city of Sin Capital, steals a locket from a man in the underground metro, she soon discovers the supernatural ramifications of her actions.",neutral,0.01777695,0.11754642,0.8646766,,,
t3_1sjoxh4,4,tip,monetization,Can you guys give me some tips?,neutral,0.040588453,0.00973875,0.9496728,,,
t3_1st1lps,0,feedback,community,"Can I have some feedback for my story I’m creating, it’s called ‘Flowers of Blood.’",neutral,0.020183073,0.069640435,0.9101765,,,
t3_1td0ozg,0,new writer,community,"Hello I am a new writer on wattpad,will I get support?",neutral,0.0032936146,0.0026039856,0.9941024,,,
t3_1t6fkfn,0,tag,platform_feature,TAGS und Erwartungen,neutral,0.02309735,0.010687959,0.96621466,,,24% neg — tag system limitations
t3_1t65wf3,1,title,platform_feature,Like the classic 5 mafia brothers book but instead of her having a really bad life and her “parents” dying she has a good life and she meets her brothers at school or something ( hope this makes sense) p.s please give the author and book title.,neutral,0.023599915,0.0068867006,0.9695134,,,
t3_1s3j29m,4,draft,platform_feature,Willing to read drafts and give honest reader reactions/pointers.,neutral,0.020089524,0.004681107,0.9752294,,,
t3_1sky7v7,0,language,platform_feature,STORY TITLE: Kingdom of Teodorica | AUTHOR: goddess_aba | STATUS: Completed | GENRE: BL Fantasy | LANGUAGE: Tagalog,neutral,0.20086768,0.10013882,0.6989935,,,
t3_1tdeqtr,4,follower,discovery,"But when I searched for them, I still found the account, but I saw that the follow button is not green (I wasn't following them even though I had been for the past year!)",negative,0.007997241,0.9568575,0.03514529,,,31% neg — bot-follower problem? unfollow churn?
t3_1t6fkfn,2,tag,platform_feature,"I feel like it's a balancing act between giving too much away and setting up false expectations, and—if you use too few tags—the risk of reaching the wrong readers or not enough of them.",negative,0.07440458,0.6027332,0.3228622,,,24% neg — tag system limitations
t3_1sv3nmd,1,attention,discovery,"Hello everyone, I was wondering if you guys want to do a R4R and V4V and C4C, I feel like new writers are not getting much attention these days, so I suggested we read each other's stories so that we could make them more noticeable to readers.",negative,0.062080633,0.8507917,0.08712757,,,
t3_1qs3ykv,0,reader,community,A reader just destroyed me with one message,negative,0.0023444467,0.9725876,0.025067974,,,
t3_1sw5h1b,1,view,discovery,"hey guys, I post my books on wattpad, and like, none of them have crossed 200 views.",negative,0.008989582,0.90508133,0.08592902,,,
t3_1tcbo88,6,draft,platform_feature,Should I abandon my current draft?,negative,0.009894595,0.8182277,0.17187773,,,
t3_1t9a2l7,0,support,community,Didn’t get the verification email and support won’t answer my emails asking for help.,negative,0.0014060815,0.99760383,0.000990174,,,
t3_1t365h0,0,update,platform_feature,Anyone else getting way more ads on Wattpad after the update,negative,0.004384742,0.89425623,0.101359084,,,
t3_1stczbr,2,page,platform_feature,"have the profile name LineAkiraa • Fandom: DreamWorks Trolls • Series Title: The ""Opposites"" Series (Branch x Female Reader As of today, the profile and all story links return a ""User Not Found"" or ""Page does not exist"" error.",negative,0.001105553,0.992034,0.006860385,,,40% neg — likely reader app page-turn issues OR low-page-view complaint
t3_1t4hvx5,1,comment,platform_feature,"So just got a comment on a fic of mine calling my character bland because instead of speaking her mind constantly she is cautious and thinks about the possible consequences of her actions for herself, her family and her young children and then when I responded to the comment asking why it was such a problem for them they responded with ""let me guess you wanted a more human character🙄"" as if that's a bad thing!!!!",negative,0.011188439,0.86089045,0.12792112,,,19% neg + n=299 — comment toxicity / spam / dead-comment-section
t3_1sle6od,18,algorithm,discovery,"Is anyone else dealing with this, especially on Instagram or Wattpad, or is it just me getting buried under the wrong side of the algorithm?",negative,0.0011942268,0.99729306,0.0015126814,,,"discoverability core complaint — pair with 'ranking', 'view', 'engagement'"
t3_1tc9s3s,5,fanfic,community,"Note: it doesn't have to be original work/non-fanfic, just as long as it's sincerely something you're working on!",negative,0.024034105,0.6881296,0.28783625,,,
t3_1msk185,4,author,community,"So, if you’re a struggling author who’s looking for a review please send me your story and I’ll happily read it and give you a good review.",negative,0.042587142,0.93992555,0.017487323,,,
t3_1t64x3s,3,honest feedback,community,I want honest feedback.,negative,0.109435484,0.4758627,0.41470182,,,
t3_1slhufv,3,reader,community,"it is so bad that it is straight up copies from Chatgpt or Ai tools... I am a picky reader ......I do NOT read( bl, Desi, Sci fiction, werewolves,Vampires,Goddes........) Can u recommend me some books with the title names and the Author pls.....No links cz it does not lead always......",negative,0.112499945,0.7354466,0.15205348,,,
t3_1szwr30,7,comment,platform_feature,If it sounds interesting I’ll leave the link in the comments.,neutral,0.06695406,0.0045204107,0.92852557,,,19% neg + n=299 — comment toxicity / spam / dead-comment-section
t3_1skyna9,0,lover,community,STORY TITLE: The Bachelors: A Lover's Hidden Heart (MPREG) (Series #2) | AUTHOR: MsNadia | STATUS: Completed | LANGUAGE: Tagalog,neutral,0.018318266,0.0054861587,0.97619563,,,"ambiguous: 'fanfic lover', 'romance lover' (community) vs 'wattpad lover' (platform)"
t3_1oesv7d,6,comment,platform_feature,"I’m looking for stories of a similar genre, so if you think our books might be a great match drop your link in the comments!",neutral,0.0793704,0.013020252,0.9076093,,,19% neg + n=299 — comment toxicity / spam / dead-comment-section
t3_1p38z6e,2,vote,platform_feature,"Submit any story, and I'll read 10 chapters (or at least 2-3 depending on how many come in) and ill second comments, vote on chapters, and give general feedback!",neutral,0.05793645,0.008200984,0.93386257,,,25% neg — vote-trading frustration
t3_1o94w6m,3,vote,platform_feature,"We would read, vote for, and comment on each other's chapters.",neutral,0.0010299265,0.001851208,0.99711883,,,25% neg — vote-trading frustration
