doc_id,flair,title,body_first_300,vader_compound,vader_class,gold_class,notes
t3_1p544a3,Services,Co-writer needed for Wattpad story,"
Hi everyone 👋

I’m an author on Wattpad and I recently finished my first book “Brown Sugar.”
I’ve started working on my second book and have already posted two chapters, but I’m currently struggling with motivation and creativity because there’s a lot happening in my life right now.

I would really",0.9888,pos,,
t3_1sl53r8,Looking For: Feedback,alternate reality? / crossover multiverse,"i wanted to create an alternate reality in an story but to add my favorite characters from different movies, series, games

example

\- Overwatch Universe with Valorant Protocol, Arcane, Call of Duty  
like original overwatch characters, with crossover of Valorant, Arcane and Possible COD Villains /",0.6428,pos,,
t3_1t13vrb,General Help,Am I getting spammed by bots?,"Hi guys!

I, like many others, write fanfic on Wattpad. I've produced one whole 250k-word fic that was received well and got quite a few kudos. I'm currently working on my next one in the series, and have noticed something strange occurring.

In the first fic that I posted on AO3 and Wattpad. I neve",0.5385,pos,,
t3_1t3qvze,Off-Topic,Wattpad Reccomendation,"Hi there! I'm trying to find smaller groups to send this to, but I couldn't find any. If anybody has suggestions for a wattpad group that is looking for romance book recommendation. Specifically spicy. I just made a book and want to share it. ",0.857,pos,,
t3_1sq0c19,Off-Topic,What is the hardest scene/convo you ever written?,"Personally for me, I had difficulties to make my main kiss. Bro, my first book ended with them just hugging lol. But yeah the question still stand.

What is the hardest scene or conversation you ever written? and what did you write instead?

Feel free to drop em links \~☆",0.8496,pos,,
t3_1swz6af,Off-Topic,Social feed experiment.,"Y'all know how the social feed is basically a knock off newsfeed, right? I would like to run an experiment. SO...! I would like to ask if at least five of y'all can leave a few votes and comments on my main story; I'd like to see if the social feed will allow a bunch of people to notice my story.

A",0.847,pos,,
t3_1t8ceyu,Looking For: R4R/V4V/C4C/F4F,R4R?,"Hihi, I am not super free, so if you may pitch your stories to me, I can pick which I find the most interest to read

I will be very genuine, though. I won’t read through the entire story if it isn’t interesting, but I will get through at least three or four chapters before judging. I’ll vote for st",0.9309,pos,,
t3_1sr7ejf,Looking For: Feedback,How often should I post new chapters?,"I am currently in the process of writing my first fiction book. Right now I have two completed chapters totaling a little over 2,500 words each and am halfway done with the third. I finish writing and editing half a chapter a day as I work a full time job. I also want to hold myself accountable to f",0.8258,pos,,
t3_1tdw7vo,Looking For: Recommendations,Stories like this one?,"I read this book a long time ago, I have waited for new chapters for a very long time now but not a single one has been published.   
Now am wondering if there is any other story that is like this one?

If there isn’t any story like this one, could someone perhaps write one like it? 

Have a great d",0.9583,pos,,
t3_1owhiqe,Looking For: Read for Read,S4S / V4V,"I am sharing a novel and in exchange I would like to read some texts. I subscribe and like, but in exchange I ask for five comments on at least three chapters of my novel. I will do the same.

Greetings.

I'm @Saac_laiesmuda",0.8934,pos,,
t3_1t74afr,General Help,analytics page not working?,"i know wattpad was down for almost an hour yesterday. is that why im getting this message in the stats page? my total reads are still updating and people still interacted with my fic overnight, so i know its not my fic itself… is this normal after an outage? how long does it usually take to correct ",0.0,neu,,
t3_1j9l8zq,Services,Living as the FMC in the Wattpad books I read,,0.0,neu,,
t3_1scyj9f,Other,How does this even work,how does chapter 8 have 11 reads when the chapters before have 5 and 8? how does this even work-?,0.0,neu,,
t3_1s6bkwb,Looking For: Recommendations,Oneshots,"I'm looking for oneshots smut

Any recommedations?",0.0,neu,,
t3_1ooghcs,Looking For: Read for Read,Do we follow each other?,Maybe if I find a story that is readable for me as I am a beginner with English and Spanish I will read them if you read one of mine.,0.0,neu,,
t3_1t1uekx,Looking For: R4R/V4V/C4C/F4F,looking for V4V,you can ask me for the links!,0.0,neu,,
t3_1oi4odl,Looking For: Read for Read,Anyone up for R4R?,"Hi, I am kind of new to Wattpad but not to writing. I have written two short stories on Wattpad (10 and 21 chapters). Can someone do R4R?",0.0,neu,,
t3_1ry5paa,Looking For: Recommendations,Need for Recommendations,"Please give few recommendations of your favourite wattpad books with lots of tension between the main characters, more enemies to lovers genre",0.044,neu,,
t3_1mr99i1,Services,Editor for anyone?,Anyone in that stage of their writing where they’re looking for an editor?,0.0,neu,,
t3_1t2jr6x,General Help,What's the ranking on Wattpad,,0.0,neu,,
t3_1kpoitw,Services,Looking for a story to make into a webtoon,"I’ve got the art skills but not the writing side down. I’m looking to start a project, so I’m hoping to collaborate with someone who already has a story written. I’ll read through it first to see if it’s something I vibe with. You can check out my art at @honysoup.bsky.social.

Things I’m looking fo",-0.4542,neg,,
t3_1t9o39k,General Help,Rate the story idea,"It’s kinda psychological with elements of patriarchy and classism. Would something like this interest you:

I couldn't stop the shaking in my hands or the way my lungs burned as I stared at the body on the floor.

Kal stepped out of the shadows, the moonlight catching the cruel edge of his smile. He",-0.7226,neg,,
t3_1sw9l7n,General Help,Is there any way to fix text formatting in mobile?,"I just don't really like how using any of the format stuff will mess everything up.

You try centering a paragraph? Boom, everything is centered. Wanna italicised a sentence? Boom, everything is italicised. Aw you wanna indent the start of a paragraph? Too bad, it's gone!

And then, when you edit th",-0.9111,neg,,
t3_1tdj48k,Other,Combates entre Sectores - H____G | Sector Battles - H____G,"

The story is in Spanish",-0.3818,neg,,
t3_1t1umwi,Looking For: Feedback,Which of these synopsis' are the most interesting?,"Mihiro Island: 

Just as certain is death, peril lurks unto the one that lives.

Five and fifty miles north from the town of Aspen, along a calm stream, three mortals descend in hopes to reach the rumored Mihiro Island, a body of land encased with notorious myths of immediate loss of contact with th",-0.9925,neg,,
t3_1teb796,Looking For: Feedback,I wrote my first short story [paranormal horror short story],"Im super scared to have it out there on the internet but my fiance who is an author is encouraging me to share it and let people read it so. If anyone wants to read. I would R4R/V4V/C4C all that

It is a feminine rage, revenge paranormal horror story based on my personal lived experiences so give th",-0.8658,neg,,
t3_1t9ct2d,General Help,How do i get People to read my book,"this is the back cover page 

Fate chose them. He didn't. Now everything is coming undone.



Aurora  Hale never expected her fated mate to reject her, especially when it's  Elliot  Blackwood, her best friend and the future Alpha. When he chooses someone else, Aurora's world cracks open, forcing her",-0.8751,neg,,
t3_1spc3b6,Looking For: Feedback,Will you be his 18.7k read? This is in Tagalog language.,"Growing up as next-door neighbors, Sef and Colt didn't know peace; they only knew the scoreboard. Their parents had spent two decades locked in a relentless cycle of one-upmanship, where every house renovation, holiday party, and career milestone was a weapon used to ""out-build"" and ""out-spend"" the ",-0.9893,neg,,
t3_1t8pzvj,Off-Topic,is it just me or the stats are briefly broken and Wattpad is trying to fix it?,,-0.4767,neg,,
t3_1t8dc5z,General Help,Death Penalty (first story),"My first story just finished. Unfortunately it has no Introduction before the actual story. So i wanna see and hear your opinions about this, btw make sure to read it from beginning to end. (i made it for 3 days lol)

https://www.wattpad.com/story/410993259?utm\_source=android&amp;utm\_medium=link&a",-0.7506,neg,,
