flair,month,n,mean
Announcement,2024-05,1,0.4682
Announcement,2024-10,1,0.997
Announcement,2024-12,1,-0.564
Announcement,2025-02,1,0.8658
Announcement,2025-04,4,0.94365
Announcement,2025-06,2,0.9924
Announcement,2025-07,1,0.8164
Announcement,2025-08,1,0.9929
Announcement,2025-09,1,0.9209
Announcement,2025-10,1,0.9146
Announcement,2025-11,2,0.005650000000000044
Announcement,2026-02,2,0.79615
Announcement,2026-03,2,0.9936
General Help,2025-03,1,0.9843
General Help,2025-07,1,-0.5095
General Help,2026-04,103,0.32268446601941747
General Help,2026-05,136,0.24797279411764706
Looking For: Feedback,2026-04,144,0.38953958333333333
Looking For: Feedback,2026-05,97,0.30637113402061855
Looking For: R4R/V4V/C4C/F4F,2026-04,60,0.5597466666666667
Looking For: R4R/V4V/C4C/F4F,2026-05,32,0.64139375
Looking For: Read for Read,2025-09,24,0.6378375
Looking For: Read for Read,2025-10,89,0.5720269662921349
Looking For: Read for Read,2025-11,74,0.599468918918919
Looking For: Recommendations,2026-03,75,0.5827373333333333
Looking For: Recommendations,2026-04,110,0.6025345454545455
Looking For: Recommendations,2026-05,54,0.7048148148148149
Milestone,2025-12,25,0.582732
Milestone,2026-01,37,0.522527027027027
Milestone,2026-02,37,0.5818135135135135
Milestone,2026-03,48,0.642175
Milestone,2026-04,55,0.594249090909091
Milestone,2026-05,25,0.54946
Monthly Discussion,2024-06,1,0.6892
Monthly Discussion,2024-07,1,0.6892
Monthly Discussion,2024-08,1,0.6892
Monthly Discussion,2024-09,1,0.6892
Monthly Discussion,2024-10,1,0.6892
Monthly Discussion,2024-11,1,0.6892
Monthly Discussion,2024-12,1,0.6892
Monthly Discussion,2025-01,1,0.6892
Monthly Discussion,2025-02,1,0.6892
Monthly Discussion,2025-03,1,0.6892
Monthly Discussion,2025-11,1,0.6892
Monthly Discussion,2025-12,1,0.6892
Monthly Discussion,2026-01,1,0.6892
Monthly Discussion,2026-02,1,0.6892
Monthly Discussion,2026-03,1,0.6892
Monthly Discussion,2026-04,1,0.6892
Monthly Discussion,2026-05,1,0.6892
Off-Topic,2024-10,2,-0.7654000000000001
Off-Topic,2024-11,1,-0.9101
Off-Topic,2024-12,1,0.8195
Off-Topic,2025-03,2,0.67925
Off-Topic,2025-04,6,-0.026850000000000002
Off-Topic,2025-05,2,-0.014600000000000002
Off-Topic,2025-06,6,-0.06306666666666666
Off-Topic,2025-07,4,0.226825
Off-Topic,2025-09,1,-0.4767
Off-Topic,2025-12,1,0.9759
Off-Topic,2026-01,1,-0.4939
Off-Topic,2026-02,1,-0.3612
Off-Topic,2026-04,104,0.35968461538461544
Off-Topic,2026-05,67,0.33460746268656716
Other,2024-08,1,0.6652
Other,2025-03,1,-0.2617
Other,2025-07,1,-0.934
Other,2026-02,1,0.3736
Other,2026-04,62,0.35681451612903226
Other,2026-05,31,0.2565096774193549
Services,2025-02,2,0.77275
Services,2025-03,8,0.73425
Services,2025-04,5,0.8076399999999999
Services,2025-05,10,0.64771
Services,2025-06,10,0.65023
Services,2025-07,7,0.8238285714285715
Services,2025-08,2,0.4291
Services,2025-09,5,0.68172
Services,2025-10,5,0.8069200000000001
Services,2025-11,5,0.80044
Services,2025-12,5,0.73566
Services,2026-01,8,0.6063500000000001
Services,2026-02,2,0.89175
Services,2026-03,6,0.9107833333333333
Services,2026-04,10,0.58973
Services,2026-05,5,0.7222
Weekly Promotion,2024-05,2,0.9141
Weekly Promotion,2024-06,4,0.9141
Weekly Promotion,2024-07,5,0.9141
Weekly Promotion,2024-08,4,0.9141
Weekly Promotion,2024-09,5,0.9141
Weekly Promotion,2024-10,4,0.9141
Weekly Promotion,2024-11,4,0.9141
Weekly Promotion,2024-12,5,0.9141
Weekly Promotion,2025-01,4,0.9141
Weekly Promotion,2025-02,4,0.9141
Weekly Promotion,2025-11,4,0.7259
Weekly Promotion,2025-12,2,0.9141
Weekly Promotion,2026-01,2,0.9141
Weekly Promotion,2026-02,2,0.9141
Weekly Promotion,2026-03,2,0.9141
Weekly Promotion,2026-04,2,0.9141
Weekly Promotion,2026-05,1,0.9141
